title,story
다라간,죽은 자들의 기운이 흐른다는 영산. 다라간에서 벌어지는 이야기. (22화 완결)
호구도사,동양판타지 / 조선 최고 도사를 꿈꾸는 호국의 여정!
30일후,미래를 알게된 남자의 충격적인 30일!
다꾸남,무서워 보이지만 착한 남자 강연우. 예쁘고 귀여운 것을 좋아하는 그의 취미는 다이어리 꾸미기!
해피하우스,현실에서 도망친 불행한 고덕봉. 몸을 숨긴 폐가의 귀신 행세가 적성에 꼭 맞는다. 매주 수요일 연..
그날의 우리,다섯 남녀의 일과 사랑 이야기.
아오링도쿄,"때로는 시트콤 때로는 에세이, 도쿄 생활을 그립니다"
포로롱 포롱,흰머리 오목눈이로서의 인생을 끝마치고 눈을 감은 쥬주.. 눈을 떠보니 제2의 인생이 자신을 기다리..
사랑하는 제자들,폭설로 인해 나갈 수 없는 학교. 그런 학교에서 누군가 사람을 죽이고 있다.
사업왕 심길후,청년 심길후의 좌충우돌 사업 성공기
오십과 오십의 세계,연재중단
해미,천재소녀 해미가 한국 최대재벌 태성그룹의 유일한 상속녀가 되기까지의 험난한 과정을 그린 드라마
Dear my dream,이세계를 살았던 마녀들의 이야기
하나밖에 안 보여！,모두가 바라는 것은 오직 '하나'뿐! 매주 목요일 업데이트 됩니다.
여의도,대 좀비 시대가 막을 내린 후 시작된 한 기업가의 의문에 게임. 여의도에 방치된 좀비로부터 생존하..
트랜스휴먼,코딩 영재 '경민'의 미스테리한 죽음을 둘러싼 SF 스릴러 로맨스
시계 세탁소 그리고 물고기들,"이상한 시계, 평범한 세탁소 그리고 선물 받은 물고기들과 관계 된 이야기"
안녕 안녕해,"14년동안 함께였던 반려동물을 떠나보내며 겪었던 감정들, 그리고 그와 관련된 이야기들"
중독연구소,중독 이야기
in,"알 수 없는 공간, 그곳에게 살아 남기위한 싸움이 시작된다."
아홉수 우리들,"스물아홉 봉우리, 차우리, 김우리! 아홉수 '우리들'의 현실적 로맨틱 코미디"
유치원 신드롬,"아이들의 순수함이 가득해보이는 순수 유치원, 하지만 이 곳의 아이들은 어딘가 이상한데.."
디센트,동양판타지 학원물
지켜라 여의주,그녀의 비밀을 지켜주세요
4학년3학기,꽁냥꽁냥 공대캠퍼스...냉혹한 현실 속에 뜨거운 연애감정조차 잃어버린 청춘들을 위한 힐링.
모롱하게 뜨개하게,본격 뜨개질 권장 만화! 그림그리며 고양이키우며 뜨개질하는 일상에세이.
우정으로 결혼한 소꿉친구,"연애세포 0 이소연, 로맨틱가이 김유신. 23년지기 소꿉친구 두 사람의 결혼생활 러브코미디"
꼬리,-
제임스 널 저주해 그리고 사랑해,기억을 잊은 그녀와 사랑에 빠지다!
과격자매단,유치빵꾸 자매들의 일상 캐기!
키싱쿠라이,캠퍼스 썸툰 지금 연재됩니다!
19세기 비망록,위험한 오라버니와 금단의 재회. 제1회 네이버 웹소설 공모전 장려상 수상 및 연재작리메이크.
꽃무릇,독충이 비처럼 쏟아진후 지옥처럼 변한 세상에서의 생존기.
TwinsLoveStory,이란성 쌍둥이 자매인 바다와 우주가 동시에 한 남자를 좋아하다?
재테크는 스크루지,현대판 스크루지와 함께 재밌게 배우는 초보자를 위한 실화 기반 재테크&경제 웹툰! 월요일 연재!
영하체,"'영하'의 '그림'일기, 영하체"
들에서다,서슬 퍼런 일제 강점기의 고단한 삶을 살아간 우리들의 선조들을 담아보고자 한다.
휴지통,"맨밥같이 담담한 매일매일, 반찬이 필요해요! 매주 월요일 0시에 업데이트됩니다 :)"
너의 뒤에서,사랑을 믿지 않는 그 사람의 사랑 이야기
분노의 난임일기,난임 부부가 아이를 가지기위해 떠나는 길고 험난한 여정!
아엠낫히어로,주인공인 악당 제로가 영웅 클리체 에게서 도망치던 중 우연히 버려진 아이를 발견하게 되는데
INTERVIEW,"평범했던 어느 날, 우주 왕국의 수상한 특사를 만난 그는 왕국의 인터뷰 초청을 받게 되는데…"
마이데이,"난생 처음 사랑에 빠진 왈가닥 소녀 차지우, 하지만 첫사랑 상대의 옆엔 항상 거슬리는 그 녀석이 .."
채색과정,자신의 색을 찾아가는 한 소년의 성장 이야기 (채색 과정 보여주는 만화 아닙니다.)
단디만화,단디의 일상만화
귀여움이 죄라면 너는 사형,귀여움이 범죄인 세상은 미의 기준도 조금 특별하다? 강 함과 그의 비밀에 관한 이야기
바람따라 물따라,역사지식만화입니다
DJ 카일하우스,EDM씬에서 잘나가는 DJ였던 칼릭스는 갑자기 DJ를 그만두고 전업주부가 된다.중2 아들과 아빠의..
특이점 2045,"2045년, 인공지능 로봇과 인간의 지위가 역전되어버렸다!! 2045년 특이점을 맞이한 디스토피아.."
광고감독의 발암일기,"처절한 광고현장 속 피어난 암 한송이! 광고감독의 웃픈 일상, 어떻게든 살아본다."
로그 아일,낯가리는 모험가님과 동료 복 없는 키슈의 판타지 생존기!
오디네리 피플,"1+1=3가족. 아직도 알쏭달쏭 잘 모르지만, 우리집과 그의집의 평범한 일상에 대한 관찰."
LADS PARTY,"마물과 인간이 한군데 뭉쳐 소용돌이치는 혼란의 시대. 청년들이여, 들끓는 욕망에 불을 붙여라."
착한 도깨비가 있는 산,[동양풍로맨스] “착한 도깨비는 변하지 않아” 우리가 만났던 소소한 봄날.그날의 약속. 자유연재
현피뜨던사이,평강이의 온달찾기
해피니스,희수는 좋은 친구들을 만나 성장하며 한국 최고의 여자 농구선수를 꿈꾼다
사랑하는 계절,"당신이 사랑했던 계절은 언제인가요? 세 쌍의 이별 커플들의 연애 과정을 시청하는 이야기. 9,19.."
소도시에 삽니다,지방 소도시에 사는 직장인의 나날
이불 밖 달리기,목표는 체력왕. 근데 대체 언제쯤..? 이불 밖으로 나온 저질체력의 스펙타클 운동 도전기와 일상 ..
감정장 영업중,#동물 #생명 #공존 #꿈속의 장소 감정장에서 벌어지는 이야기
전업고양이,"할머니댁에서 살던 취준생에게 찾아온 길냥이, 차비! 뻔뻔한데 염치있고, 강한듯 여린 녀석의 냥생을.."
저승길잡이,망자는 저승에 닿기 위해 저승길잡이의 안내를 받게 된다. (월 2회 연재)
제목이 7080 만화,"우리들의 엄마,아빠(7080 세대)의 어린 시절 이야기"
김민지,김민지에 대한 이야기 / 매주 목~금 업로드
하드오피스,같은 팀 사람이 죽었다. 분명 살인자는 이 안에 있다.
청춘의꽃,20년 여드름 경력자의 본격 여드름 웹툰. 여드름 환자의 연애와 일상!!
불같은 청춘,피 끓는 불같은 청춘들 앞만 보고 직진한다!
오늘의 후기,"여러분은 오늘 무슨 일이 있었나요? 매일을 살아가고 덕질도 하는 김챈의 그림일기, 오늘의 후기!"
당근밭의 오름이들,제주도 어느 당근밭에서 믹스견 꼬물이 다섯 마리를 발견했다! '멍줍' 그 이후의..
인화스토리,본인도 이 만화가 무슨 주제인지 모른당~! (매주 토요일 업데이트!)
매지컬팡,꼬마 마법사 매지컬 팡
제제와 함께,"장애아이와 비장애 형제의 성장스토리, 육아일기, 부모성장 일기"
새가 우는 밤,"새사진 찍는게 유일한 낙인 이상한 여자 은수, 초인기절정 까칠한 유명 배우 어울리지 않는 그들의 .."
악마법소녀,들리는 것이 시각화되는 공감각 능력을 가진 소녀가 마법소녀가 됨으로써 시작되는 이야기.
릴리즈,19XX년대 어느 도시에서 여자들이 사라진다. 이에 의문을 품은 형사는 한 마술사를 주목하는데....
쿤도덥브라더스,절권도 체육관에서 지내는 세 멍냥이들 이야기입니다. (시바견) 쿤 / (치즈냥) 도 / (진도풍산..
마족사제,사제님은 마족입니다
사람의 수명이 보인다면,두번째 인생을 약속받은 최민혁의 이야기
루머의 법칙,"미스터리한 대학 커뮤니티 어플 ‘캠모’의 익명글로, 루머에 휘말린 청춘남녀들의 범인추적 로코."
Seed Of Sin,뇌실험의 실험체였던 남자가 연구소를 탈출한다. 그가 가진 신비한 힘과 그 힘으로 일으키는 사건들.
수감번호907번,(격주 월요일 연재)카페창업을 앞두고 살인사건에 휘말려 교도소에 들어가게된 주인공 연지수의 이야기
서울신이전,서왕모의 복숭아밭에서 복숭아를 훔쳐먹은 삼천갑자동방삭의 후손으로 태어난 소녀 격주 화요일 연재
오늘도 분홍했분홍,어느날 찾아온 이명이야기와 소소한 일상이야기
끼끼툰,홍끼끼의 평범하지 못한 일상
500원 토끼,500원만한 토끼의 일상! 자유연재
내 계절에 있어줘,각자 다른 고민을 지고 살아가는 사람들. 서로에게 버팀목이 되어주는 이야기. 당신만의 연리지를 만..
너나들이,연애보다는 일이 가장 좋은 20대 남녀. 그런 유봄과 김태식이 하는 연애 이야기
너는 나의 2퍼센트,"자는 시간 빼고는 하루종일 함께인 소꿉친구 혜연과 민우, 그 둘과 주변에서 일어나는 병맛 러브(?.."
만화 임진왜란,"한국, 중국, 일본 모두의 입장에서 바라본 임진왜란. 엄근진을 쏙 뺀 임진왜란."
저승파견고용직,신용불량자 청년과 저승사자의 기묘한 콤비액션활극
역사만화단편선,잘 알려지지 않았지만 재미 있는. 잘 알려졌지만 새롭게 볼 수 있는. 그런 뻔하지 않은 역사이야기..
CMYK,노랑이 파랑이 분홍이 보라와 의식의 흐름 개그만화에 빠져보아요
홈 스윗 홈,자타공인 게을러터진 내가 두 아이의 엄마가 되어 나의 평생친구와 함께 살아가는 이야기
포이즌캐럿,전생의 저주에 걸려 이번 생에서도 고통받는 윤태준. 과연 이번 생엔 저주를 풀고 평범한 삶을 살 ..
사람은마지막문장으로기억된다,꿈을 이루기 위해 신사고로 전학 간 한 소녀의 이야기. 미래를 목표로 질주하던 그때로 시간여행을..
오늘도 지구정복,외계인과 함께 지구 정복에 가담하게 된 재수생 이야기
손 안의 너,남몰래 인형 옷 만드는 취미를 가진 나래에게 갑자기 나타난 미니사이즈의 남자애?!
발푸르기스의 너머,"19세기 프로이센, 인간 파우스트를 둘러싼 신과 악마 메피스토펠레스의 내기."
오늘을 담다,오늘의 이야기를 도시락에 담아봅니다.
저는 용사님이 아닌데요,용사가 되어야 하는 마녀 브리스의 이야기
신과 인간,"신과 인간, 그들의 이야기. (자유 연재, 주로 목요일에 업데이트)"
개판오분전,걸어 온 매 순간이 개판오분전. 순탄하게 흘러가지 않았던 일상의 발자취.
동글앤토실,16년 묵은 커플의 러브스토리
할로윈이 끝나기 전에,"단 하루, 할로윈이 되면 인간세계와 다른세계의 문이 열린다."
헬창카페,헬창카페의 이야기
거짓말은 가장 오래된 신,혹한의 유형식민지에 노동력으로 차출되어 보내진 죄수들과 탈출할 수 없는 식민지에서 벌어지는 기이한..
AI폰 아리랑,AI폰을 사용하는게 당연한 머지않은 일상의 이야기
옵저버,15세 이상 관람을 권장합니다.
노을지는밤,노을지는 밤 무서운 이야기를 들려드릴게요
디바이스,게임 폐인이 게임을 통해 성장하는 이야기
Jun과 나,색있는 사람들의 색있는 예대이야기!
서유신마록,삼장과 오공의 대모험극.
이루어지리다,저주받은? 반지를 끼게 된 천지영! 귀신이 보이게 되면서 한을 풀어주게 되다! 청년? 판타지 성장..
아옹아옹,캣초딩과 캣초보자가 함께 살면서 일어나는 이야기
우리 집 요정,우리 집 귀신 아니 요정?
나쁘게 살자,너무 착해서 악당은 못해먹겠습니다
아포칼립시스,시간을 둘러싼 악마와의 전쟁이 시작된다.
랑데뷰,"사회성이 떨어지는 게 고민인 주인공, 이사한 건물 밑 카페에서 조금 특이한 사람들을 만나게 된다"
보이스카웃,"동시대를 살아가는 청년들에게 위로와 공감, 도전의 메시지를 전하는 이야기"
째보선창 살인사건,1900년초 군산 째보항에서 조선 마지막 수사관 그리고 조선 최초의 검사가 쫓는 개항기의 추리 시..
달의 염원,로맨스판타지. 꿈에 그리던 첫사랑이 갑자기 내 눈앞에 나타났다. [연재 중단]
밤을 삼킨 아이,탄생과 동시에 악귀와 영혼이 뒤섞여버린 윤. 영혼을 잠식해가는 악에 맞서 잃어버린 과거의 진실을 ..
우리는 친한친구,효효와 투게더의 친한친구 이야기
숲속의 성,"저주받은 숲, 그리고 그 곳의 성."
여자 공수혁,공수혁(여.18)의 동운학원 쩜오반 '학원'로맨스.
지몽 선 너머의 나,"육체의 운명을 인도하는 영혼의세계 조작된 나의 운명, 조작된 생사 진짜 나의 운명부를 찾아야한다.."
댕강 컴퍼니,퇴사율 90% '댕강 컴퍼니'에 다니는 사회 초년생 이야기
예언의 못자국,예언에 의해 돌아가는 세계에서 예언의 빈칸을 차지하려는 자들. 왕이 될 자는 누구인가.
눈치없는 내 친구,대학 졸업을 앞둔 박훈과 그리고 그의 친구? 복민수. 올해안에 그에게서 졸업하기 위해 노력하는 ..
몬스터 커맨더F,인간과 몬스터가 공존하는 세계관 어느날 희준에게 일어난 특별한 일
열쇠의 용사 카이제루스,기계가 지배하는 세상을 구원하기 위해 소년 비스크와 로봇 카이제루스의 여정이 시작된다
애쉬그레이,"판타지 로맨스 (앞부분 무채색+극심한 발퀄 주의, 자유연재, 피드백은 메일로 부탁드립니다!)"
묘한 장난감가게,장난감가게 토이마루마루의 사장 고양이 독고마루와 알바생 인간남자 김선홍이 가게를 운영하며 성장해나..
Oldㅣ악마법소녀,들리는 것이 시각화되는 공감각 능력을 가진 소녀가 마법소녀가 됨으로써 시작되는 이야기.
거울 속에 비친 유령,그 아이의 집에는 유령이 산다는 이상한 소문이 돌았다.
뿅가이,철들지 마! 정신 똑바로 차려!
퍼플메모리,기억을 감염시켜 독소로 바꾸는 바이러스 X. 인류의 몸에는 기억의 독소 퍼플이 쌓이기 시작했다.
이승전결,영적장애 저승사자
프라이머리 컬러,게임성이 사라진 대한민국 게임업계 이야기를 다루려고 합니다. ※ 매주 월요일에 연재됩니다.! ※
수영만화일기,만화가지망생 해오의 험난한 수강신청부터 마스터가 되기까지의 여정! 매주 목요일에 업로드합니다.
슬픔을 먹는 남자,마음을 다친 여고생과 슬픔을 먹는 남자의 이야기 <자유연재>
시간과 사연,사남매에게 찾아온 특별한 사람들
드리머즈,드림 패트롤 [드리머즈]
마도대전,최강의 마법을 가리기 위한 대회 <마도 대전> 이 열렸다! 소년은 과연 우승을 할 수 ..
칠흑,"""조금만 기다려 곧 내가 있는 이 칠흑과도 같은 심연이 널 삼켜버릴테니..."" .."
브레인 스톰,등장 인물은 단 한 명 뿐. 기억들의 배틀로얄 (토요일 저녁 10시 격주연재)
연습생 고영신,아이돌 연습생 고영신의 고군분투! 매주 일요일 업데이트됩니다.
너는 내게,사랑과 사람을 통해 진정한 어른이 되어가는 세 여자의 이야기
나의 스위치 메이트,맞춤형 인간 변환 기계 ‘트랜스바디’로 인해 원래 모습과 다른 몸을 가지게 된 도준과 설미가 펼치..
나의 별에게,진짜 어른이 되어가는 스무살 청춘들의 성장 이야기
기사회생,어느 날 갑작스레 나타난 웜홀로 인해 다른 차원의 생명체들이 웜홀을 넘어오며 전쟁은 시작됐다.
해피버스데이,서로 죽일 계획을 세우는 사이에 성립하는 친구. 소시오패스 지승과 사이코패스 태곤의 기묘한 동거 ..
여름에 내리는 서리,"천재과학자 시현이 만든 세계, <뉴 라이프>. 이를 둘러싼 정부의 음모에 맞서 네 명의.."
첨벙첨벙,고등학생 ‘은결’이 단짝친구였던 ‘연어’를 다시 만나고 벌어지는 이야기
어른이집,치매노인들의 꿈을 담은 이야기
이래서 애들은,하숙집 꼬마를 속이는 하숙생 이야기
용은 범을 잡아먹지 않는다,용과 소년이 싸운다.
아드레날린,"연속되는 불행 속에서 격투기를 배우게 된 태윤오, 그의 삶은 오로지 싸움뿐이었다."
그냥 니가 좋다,서울여자와 부산남자의 로맨스! 30대 인생의 위기에 닥친 주인공의 도전이야기
달기알,달걀 닮아서 달기알
전송,전송 이용자가 된 성태와 그의 딸 정윤. 그런데 어느날 정윤은 전송기계 안으로 사라지는데... [..
뎀파이터,.
자유의 경계,자유가 억압되는 세상에 의문을 품던 소년은 죄를 뒤집어쓰고 인류 최악의 교도소 CS 필드에 투옥된..
불사여우와 낮과밤의 이중약혼,-
사도 신여랑전,도술과 요술의 있는 신개념 무협 판타지 액션로망!!
래빗 콤바치,본격 초짜 주짓떼라 생활툰
업사이클 다이어리,주변에 버려진 물건들로 만들어내는 나만의 작품! 업사이클 세계에 푹 빠져봅시다
누나 한입만화,소소하지만 맛깔스러운 이야기! 이리와요 한입 줄게! 자유연재
후궁의 환관,"절대금남의 구역 후궁. 그곳에 드나들수 있었던 유일한 사내들, 환관. 그들의 이야기."
싸카소녀,"1927년 여름, 군산. 금녀의 스포츠, 축구에 도전하는 소녀들의 좌충우돌 성장기!"
한 잔 해요,멍구의 음주 다이어리 :D
개인적인택시,단골손님들만 예약제로 운영하는 개인(적인)택시. 목적지까지 가는 동안 손님이 듣고 싶은 음악을 함..
신과의 대화,특별한 능력의 소년과 특이한 사연의 소녀의 만남! 그 만남이 가져오는 다양한 사건들. 그리고 운명..
다잉 갤러리,미술심리로 자살 원인을 밝히는 미스터리 심리드라마.
눌림굿,"[공포물] 반쪽짜리 강제 무당 박도령, 능력없는 전문 무당 박도민 / 두 형제의 흉가체험"
구르메틱,"먹는게 제일 좋은 먹방 유투버 구름이의 달콤 씁쓸 캠퍼스 로맨스! 매달 2,12,22일 업로드"
연애일기,평범한 대학생들의 소소한 연애 일상을 그립니다.
자체공강,"나만없어, 초능력!! 헌내기 나래와 이상한 동아리 [공갈밴드]"
천상계갱생프로젝트,원하는 삶을 얻기위한 12번의 시험
희생제물,시골에 살다가 서울에 상경한 서준호는 고등학교 동창인 윤서연을 오랜만에 만나기로 하는데..
스트롱,극한의 힘을 이끌어내는 '스트롱맨'에 도전한다!! 파워!청춘!스포츠!파워!파워!
이웃집 유부녀,일상 속에 숨어있는 사랑스러운 것들
아르케의 씨앗,삭막하고 황폐해진 미래. 카이는 실종된 린을 쫓으며 베일에 감춰진 것들과 마주한다.
지독한 일상,박지독의 소소한 일상을 그린 만화
냥만연애툰,콩깍지 씌인 남자 댕이와 까칠한 여자 냐미의 깨알같은 일상 공감 개그 만화
이상한 21세기,같은 시간 조금 느린 세상 속 청춘들의 이야기
고백나무숲,팅커벨 증후군을 가진 마리가 익명으로 고백해주는 고백나무숲 페이지를 만들게 되면서 벌어지는 캠퍼..
악마의 육아일기,악마 윌과 소녀 엘리의 따뜻한 이야기
자살클럽,자살클럽 자기작을 시작합니다. 모두들 딜리헙에서 뵙겠습니다:)
토란토란,자취생과 반려토끼가 함께하는 일상 버라이어티 이야기
헬로사이공,"호치민 및 베트남에서의 다양한 이야기들을 짧은 단편들로 묘사하고, 더불어 우리의 삶의 모습을 되돌.."
은주,빛을 잃어버린 재능. 너를 만나 다시 꿈을 꿀 수 있을까.
따뜻한 나의 코코,쓸쓸한 우리들의 마음 한 조각과 닮은 텅 빈 물망초 마을. 작은 이삿짐 트럭과 함께 마을이 꿈틀거..
애포칼립스,좀베창궐 / 문명의 파괴 / 내 삶은 서바이벌이 되었다 / 그와 함께라면 무엇이든 극한이 된다
하임의 서재,책의 성지라 불리는 아이테르 대도서관. 그곳에서 세상의 종말을 고하는 예언서를 찾는 여정이 시작된..
인간면허,서비스 로봇이 도입된 시대에 인공지능 로봇 니아가 인간이 되고 싶어하는 욕망속에 벌어지는 사투와 ..
여긴 불빛이 안 드는 곳이야,각자의 가치관과 철학
주작작 주주작,세상에서 가장 쎈 닭이 나타났다!
연기는 처음인데요,노빠꾸 열혈 여고생 문시아는 짝남을 따라 연기학원에 등록하는데 .. 본격 연기 먼치킨 성장물!
선선한 이야기,선선이의 99% 일상 이야기
룩앤미,세상에서 가장 아름다운 남자와 안면인식장애를 가진 여자가 만났다.
첫사랑 만화,"""PD님이 첫사랑!"" 만화가 지망생 오보배는 공모전 마감 당일 실수로 첫사랑 망.."
지나치게 달콤한,알바생과 아이돌의 지나치게 달콤한 이야기가 시작됩니다.
벌레 이야기,복수를 대신해주는 킬러 앞에 나타난 여자.
나를 죽이는 방법,지워낼 수 없는 후회
공허의 숲,길을 잃고 낯선 숲에 도착한 사람들. 숲에서 살아남아야 한다.
인간이되자,원래대로 돌아가기 위해 손잡은 인간과 햄스터의 아슬아슬한 일상!
벨시토,사랑하는 여인 나호와 그녀와 지냈던 호텔 벨시토가 사라졌다. 모든 건 환상이었을까.
아빠는 N살,아이가 한 살 먹으면 아빠로서의 나이도 한 살.[아빠는 네 살]그러나 매년 제목이 바뀌는데!!
원인탐구생활,"[일상&고양이만화] 쌍둥이와 언니, 코숏 아리보리의 일상 이야기"
돌레인더시티 여행기,여행하는 이야기. 감성적이고 싶은데 유머가 되는 여행기. 매주 자유 연재중입니다.
100퍼센트의 세계,'지금 너에게 나의 세계를 줄게' 우연히 다시 시작된 첫사랑 이야기
아재소녀,시즌2
햄지의 쳇바퀴일상,쳇바퀴 같지만 매일매일이 색다른 햄지의 요상한 일상
하아의 하루,강아지 하루가 함께하는 일상툰. 너와 함께 살아가는 이야기.
용사님이시다,용사가 되지 못한 용사지망생. 그렇다고 기사가 되고 싶은 건 아니었는데;;
혼혼,유체이탈(幽體離脫)을 터득한 두 소년의 이야기!
와치,붓끝에 혼을 실어 생동하는 그림을 그려내는 예인들의 이야기. 2018著. 비정기 토요일 연재. 제..
신의 마녀,간절한 소원을 가진 정소원의 앞에 신비한 소년 선우신이 나타난다. 정소원은 자신의 소원을 이룰 수..
리얼 김영감 게임,손녀와 친해지고싶은 할아버지의 마지막 소망
해동요,투기장의 노비가 되어버린 장군가의 아들. 어두운 마음 속에서 빛을 발견할 수 있을까?
히치하이커,"모든 자원의 보급을 '오브젝트' 라는 존재들에게 의존했던 세상속, 무언가를 만들.."
지나온 길,그들의 학창시절 이야기
여름의 퀄리아,뱀의 저주에 걸린 수현은 요양을 위해 고향에 내려오는데... 그 곳에서 다시 만난 어릴 적 첫사랑..
1인칭 외국인 시점,SOSO한 프랑스 생활
하이스쿨 콤플렉스,재벌3세 라일락을 중심으로 벌어지는 각자의 사정을 가진 사람들의 사랑과 파벌에 대한 이야기.
우주수렴법칙,하나의 점을 향해 멸망해 가는 세계 속에서 일어나는 SF 옴니버스
너를 기억하는 이유,이름 모를 소년의 기억을 찾아가는 과정. 그리고 사춘기 아이들의 순정과 성장!
헬로 데스,신들과 얽힐수 밖에 없는 소녀의 이야기
은룡여린설,신이 되고자하는 인간과 천지신을 모시는 궁궐 사람들의 갈등과 싸움. 진실에 먼저 도달하는 자는 누..
주말엔 보랏빛 향기,고시원을 떠나 지낼 곳을 찾고 있던 보라는 친구 오빠의 소개로 셰어하우스 관리자로 들어가게 되는데..
동거의 법칙,독립을 꿈꿔왔던 늘보에게 뜬금없이 나타난 룸메이트 살구.
바다의 끝에는 언제나,"세상에 남게된 자매. 언니와 동생, 둘은 서로를 의지하며 살아간다."
멋도모르는여자,"이제는 부부!소소한 행복,반려견 정식이"
니사정 내사정,이성을 홀리는 특별한 힘을 가진 소년 지혁과 지혁의 능력이 통하지 않는 소녀 유리의 이야기.
오롯이 당신을 위한 식탁,아기레벨 주부의 생존형 식탁툰
판도라의 신부,"""내가 악마의 신부라고요?!!"" 도도한 작가 서연과 매력적인 악마 루시퍼의 계약.."
유혹해도 괜찮아,암흑같던 하루의 인생에 나타난 시우. 느닷없이 그녀에게 세가지 소원을 들거준다고 한다.
다시 온 사춘기,25세 대학교 휴학생인 주인공이 고등학교 대리등교 아르바이트를 하면서 펼쳐지는 이야기
사랑을 너에게,왕따 장 한을 찾아온 저승사자. 그들이 나타나면서 한이의 삶과 주변이 변하기 시작하는데..? 성장..
달과 바다와 관찰자,물로 가득차버린 지구의 섬들을 여행하는 관찰자의 이야기.
크리비 creaB,세상에 등장한 크리쳐. 그리고 크리쳐를 이용하는 사람들.
이런우정,"각양각색, 개성넘치고 매력터지는 친구들이 있다! 그런 친구들을 보고 그냥 지나칠수 없어서 그려보는.."
기행 공포단편집,부정적인 감정을 다루는 공포만화
헤어지는 시간,커플링을 끼고 자면 이별하는 순간으로 갈 수 있는 안나에게 너무도 헤어지기 싫은 남자친구가 생겼다..
이학년 육반,비밀 요원 지망생인 주인공이 마지막 시험을 치르는 과정에 벌어지는 스토리.
두 낫 러브 유어 티처,명문대 합격을 위해선 무슨짓이든 하는 대치동 학원가의 비리와 그 위에서 피어나는 로맨스!!
엘레노이 아타락시아,[세계의 엘레멘트]를 둘러싸고 벌어지는 판타지 로맨스 드라마. 격주토요일 트위터(@ellenoir..
B급인생,인생 살면서 이런 에피소드 쯤은 하나씩 가지고 있잖아? 하는 B급인생 사람들의 사건사고들.
마냥 영길이처럼,버려진 집냥이 영길과 모태 길냥이 멍길의 전력투구 생존기.
심연,끔찍한 인체실험을 자행하는 사람들 서로 다른 자유를 얻기 위한 싸움
딱 좋은 밥,밥하는 게 싫어진 여자 남남희 밥하는 남자 박지은을 만나다
아버지 이야기,아버지가 들려주는 훈훈한 이야기 (매주 목요일 밤 업뎃)
웰캄 투 실버라이프,손녀가 들여다 보는 발랄한 할머니와 수줍음 많고 무뚝뚝한 할아버지 이야기
스크류 드라이버,바텐더로 일을 하던 테노. 어느날 단골손님인 이호가 흘리고 간 핸드폰을 주웠다가 큰 소동에 휘말린..
랜드라이프,인간이 된 백상아리. 다시 바다로 돌아갈 수 있을까?
쓰지만 달콤해,평범한 알바생인 제나는 파라시에 세계의 왕이 되는데..
별님 아래 귤님,왜 우리 자꾸 마주치는걸까? 대학 청춘 먹방 로맨스! (매주 토요일 연재)
안녕 나의 길고양이,캠퍼스 길고양이들과 공대생 집사의 성장이야기
막타맨,나는 약하다 하지만 보상은 내꺼지~ 본격 강자 등처먹고 옥수수 터는 판타지
나의 수상한 행성,소녀는 잠에서 깨어나지 않은 채로 눈을떴다. 그곳은 수상한 행성.
모던 던전 판타지아,현대풍 던전판타지.
츤데레,남정네 넷의 츤츤거림
진짜 다 이루어줘,비루한 소원만 들어주는 주전자 요정 지춘. 주인님의 짝사랑을 이루어줄 수 있을까?
건곤일척 아랑전,노름꾼 길동의 이야기 jueun7840@naver.com
바다다람지 육지상어,바닷가에 사는 다람지와 육지에 살고 있는 상어의 요란법석 달콤살벌 현실 연애가 시작된다!
전기수,기억을 찾고자 싸우는 사람과 본질을 얻고자 사는 괴물의 이야기.
라면순대,직장 결혼 술 그리고 육아.. 30대 가장의 웃긴 일상
해피엔딩을 위하여,내 작품의 주인공이 눈 앞에 나타났다. 줏대 없는 작가와 기억을 잃은 공주님의 행복한 결말을 향한..
너의 보은,어릴적 뱀에게 물린뒤로 알수없는 고통에 시달리는 소녀 민소영. 지독한 저주를 풀기위해 뱀을 찾아야..
긁적긁적,일상을 살아가는 우리들의 매일매일 이야기.
다시,나는 너를 만났다 다시
급식이조아,자체 정신연령 27세!그러나 하는 짓은 영락없이 소녀소녀한 낭랑 17세 이조아! 그녀의 핑크빛 급..
여우비 전설,여우의 운명을 가지고 태어난 시아. 그녀 앞에 나타난 호랑이와 늑대의 정체는?
잉여특공대,무찔러라 괴물!공부해라 나 새끼!사랑해ㄹ...응?사랑? 특공대원으로 활약하게 된 고등학생들의 슈퍼..
뷰티풀 선샤인,예전 시골어느마을을 중심으로 벌어지는 정감가는 캐릭터들의 일상을 에피소드 중심으로 한편한편씩 만들..
목소리의 그늘,"남자 목소리를 가진 성우 승아와 줄곧 성우를 동경한 남식, 꿀성대 보컬 성연의 이야기 / 자유연재.."
자두밭 두복초,"어느 시골 자두밭에 살고 있는 세마리 강아지 두부, 복순, 초코의 이야기입니다."
쉼터에 살았다,"쉼터생활툰. 모든 내용은 제 개인적인 경험이며, 쉼터에 따라 환경이 다를 수 있음을 밝힙니다."
세키의 베를라이프,독일 베를린에 사는 세키의 평범한 일상.
미용사 LOST HERO,용사와 동료들은 세상을 공포로 물들이던 마왕을 힘겹게 쓰러뜨린다. 그로부터 10년 뒤...
프리즘,자신의 색을 잃어버린 흑백인간들 그들의 무의식 공간 '던'에 들어가 다시 색을 ..
고이고이 열여덟,미리 알아버린 운명과 이어져야 하는 형지의 연애 이야기
다르디움,기계와 마법이 공존하는 세계에서 살아가는 사람들의 이야기.
고양이로 살고 있습니다,"고양이, 얼마나 알고 계세요? 아는 만큼 행복해진다! 우리 곁에서 고양이로 살고 있는 이들의 모든.."
금빛아이는 새벽을 달린다,전쟁의 한복판에서 자신들에게 예정된 부조리한 운명을 바꾸려고 필사적으로 노력하는 인간과 신의 이야..
유로파,목성의 위성 '유로파'에서 지구로 온 외계인 야누스. 어느날 수상한 사기꾼 제나..
나 좀 내버려둬,평범하게 살고 있던 나에게 이무기가 나타났다! 뭐?! 내가 여의주라고?
버추얼 스트리머 ON AIR,알파고? 자비스? 이제는... 에아린이다! 자유연재 (월 3회 이상)
미토스 리바이버,정체불명의 괴물로부터 시민들을 지키는 현신들의 이야기
평범한 이계의 여고생,"얘 팔자야, 남이 아플 걸 저가 아프지. 다른 세계에선 그걸 마법이라고 불러."
타인 행성 표류기,고군분투하는 리얼 실화 공감 일상툰
누루쿠타 소녀,새로 이사 온 어떤 작가 지망생이 이웃집 꼬마의 과외를 해주면서 일어나는 미스터리한 이야기
너의 언어,타인의 애정과 성취감이 전부인 여자와 돈이 전부인 남자가 펼치는 미성숙 캠퍼스 로맨스
스타의 학교생활,"전직 스타, 이제는 국민 비호감인 주인공 차영은. 새로 편성된 관찰 예능을 통해 복귀를 노린다!"
당할연,모쏠들을 위한 연애지침서! 모쏠들의 바이블! 모쏠들이여! 이제 눈물을 거둬. 당신도 할 수 있다..
마법사의 상상친구,마법을 쓰지 못하는 하나의 성장 로맨스
너를 만나다,우리 학교에 내 최애 아이돌을 닮은 남자애가 전학을 왔다! 근데 왜 날 싫어하는 거지?!
협주곡,모든것을 희생할 만큼 아름다운 곡을 위하여...
그대 첫사랑,너는 내 친구의 남자친구니까. 엇갈린 마음의 행방을 찾을 수 없는 그들의 이야기.
루이와 졸개들 R,전쟁중 길 잃은 양아치가 고군분투하는 모습을 보실 수 있습니다. / 원고 완성 할 때마다 연재.
철수이야기,"래브라도 리트리버, 철수와 함께 했던 이야기들."
파리동동 모기동동,시골마을의 다리옆 럭키만화가게의 5남매 이야기
뱀은 꽃을 먹는가,"황제와 황제의 꽃에게 눈을 뺏겨, 복수할 날 만을 기다리는 눈 먼 악사의 이야기"
불러줘 내 이름만,이름을 불리고 싶은 묘화와 이름이 불리기 싫은 그 선배의 불편한 캠퍼스 라이프!
노숙소녀,고등학생 안소정의 노숙 생활
어느새스며든,너에게 스며들었다. 나도 모르는 사이에 그렇게 너에게.
고개를 들어 달을 보라,갑툭튀 달토끼와 수상한 소꿉친구의 보라 쟁탈전
우리집 강아지는 복슬 강아지,의도치 않은 댕줍으로 시작되는 반려견과의 일상!
정상이 아냐,학교 안의 암묵적인 서열 속에서 '정상'으로 보이는 기준이 다른 학생들의 성장 ..
수화 배우는 만화,수화배우는 사람의 만화입니다
마녀의 노예,마녀에게 벗어나기 위해 돈을 버는 두 소녀의 이야기.
지구를 움직이는 소년들,꿈에 지지않으려는 소년들의 무럭무럭 자라나는 이야기
남의 집 귀한 자식,친절해도 너무 친절한 그녀 나한테 왜 이러는 걸까? 항상 지극정성으로 대해주는 그녀 때문에 불편하..
너에게 나를 던진다,잘나가던 프로레슬러 혜성. 그런 그가 모든 게 꼬여버린 고딩 한별을 만난다. 아재와 고딩의 성장기..
저편의 나,어느 날 마주친 도플갱어와 기묘한 가게에서 벌어지는 이야기
윤이나는남자,여자같은 남자 윤이나에게 일어날 수 있는 일들. (금요일 연재)
신 별주부전,"별주부전 사건으로부터 100년이 지난 지금, 토끼와 자라의 이야기"
바닷속의 춘향,물고기도 사람인데
블랙펄 둥근 창의 세계,세계가 전쟁에 휩싸여 어지러운 전쟁터에 삶이 무료한 용병이 등장한다!
촌스러운 디자인팀,시골소녀 패션디자이너 성장기
나도 옷 잘 입고 싶다,패션 만화
오늬바람,"국궁동아리 ""오늬바람"" 입니다"
인생치킨,소소하지만 확실한 행복을 원하는 길 잃은 어린양들은 고개를 들어 치킨을 잡으라
랜딩,"항상 맞춰주고 살아온 성격의 수현, 좋아하는 사람이 생겨 설계분야에 뛰어들었지만 사회생활은 녹록치.."
존버닥터,열악한 섬에서 공중보건의사가 된 성형외과 전문의 도지의. 과연 1년을 무사히 버티고 탈출할 수 있..
다시 봄,다름을 조금씩 깨달아가는 초보엄마의 일상이야기...
안단테,데이트폭력 피해자인 정다운이 한 남자를 만나 과거를 극복하고 사랑하는 이야기
퍼피 어드벤쳐,강아지가 집에서 착하게 주인말만 들으며 살거라 생각하면 오산입니다.숨겨왔던 동물들의 파란만장 판타..
추락,"비행기가 추락한 섬, 애견 천하와 주인공의 생존체험기"
기공안마마스터,지상최강의 안마가 온다!!
반하는 순간,운명을 믿나요?
타모라전기,신과 인간의 세상이 같은 하늘을 덮고 같은 비를 맞고 같은 땅을 딛던 시절의 이야기
도깨비반학생회,갑자기 도깨비 능력을 얻은 18살 도태영의 꿈을 찾아 고군분투하는 판타지 마법 학원물
파리스의 선택,한 번 한 선택은 결코 되돌릴 수 없다. 하지만 다시 한 번 선택할 기회가 주어진다면...?
아싸가 알아버렸다,아싸 두봉이가 알아버린 것...
지렁이가 지렁하는 만화,지렁이가 일상을 살아가는 만화 (매주 월)
찌질이의 아프리카 라이프,지구 반대편 아프리카에서 겪어야하는 때로는 황당하고 때로는 감동적이며 재미있는 에피소드
1시간 30분,존재감 없는 아싸로 지내고 싶었는데 자꾸 체육계 비글이 달라붙는다 (일요연재)
이상과 현실,삶과 허무주의 그저 이성에 호소할 뿐
여전히 일상,"토제, 도도 부부의 솔직한 일상"
하루와 모레,맞벌이부부의 소소한 일상이야기
스물 다섯 어디로 가야 하죠,"어느새 스물 다섯, 난 이제 어디로 가야 하지?"
마음을 여는 방법,"새로운 친구가 생기는 것을 두려워하는 소녀, 스스로를 극복하기로 결심하다.(자유연재)"
세모와 동그라미,나보다 더 외로운 사람에게
너하나뿐이야,이세상에 자신을 싫어하는 사람이 있을 거라곤 상상도 해본 적이 없는 윤인곤. 하지만 어느 날...
게으른 레즈비언,_
파도를 삼킨 어항,"연재 주일이 23,3,13 으로 바뀌었습니다! 참고해 주세요 ㅜㅁㅜ~!"
하늘이 사는 집,땅에 사는 하늘들의 이야기. 천사와 악마는 오늘도 수행평가 A를 노립니다.
네가 꿈꾸는 동안에,"나의 비밀이 너의 꿈으로 인해 들켜버렸다 내 비밀을 감추기 위해, 꿈을 꾸게 하지 않기 위해 통제.."
온도차이,"친구도 아니고, 연인도 아닌, 애매한 둘 사이의 로맨스!"
정글짐 위에 올라,"우리의 초딩 시절! 2000년대 그 시절의 향수. (매월 8,18,28일 연재)"
클로버,아무것도 모르는 채 모르는 곳에 와 모르는 사람들을 만나게 되었다.
미세만화 주의보,미세만화 주의보 발동!
롱롱데이즈,"식이장애(섭식장애, 폭식증) 이야기를 그린 일상툰입니다."
인성상점,"각종 인성 논란이 끊어지지 않는 시대, 사실 착한 인성을 판매하는 곳이 있었다?!"
나는 막내가 아니에요,"어둡지만 담담한, 혹은 미소를 짓게 만드는 가족 이야기."
윈터하츠,"라헤스톤 전쟁을 끝으로 사라진 현자의 돌, 살아남은 사람들은 기적의 힘을 재현하기 위해 연금술에 .."
달란트,장애인의 초능력
나의 작은 여우별,소원의 여우별
이웃집 기린씨,개그힐링시트콤
꼬맹이를 부탁해！,좋아하는 누나에게 잘 보이기 위해 꼬맹이를 맡아주게 되면서 생기는 좌충우돌 우당탕탕 일상 로맨스코..
시티 오브 독스,어울릴 것 같지 않은 두 악마견 형사들이 파트너가 되어 사건을 해결해 나간다.
손님,작은가게를 하는 콩나물의 일상이야기
그림자게임,그림자라는 의문의 존재로 부터의 초대.. 제각기 비밀을 가진 9명의 사람들이 무영도 저택에 모이는..
벽,미스터리 SF 단편
개남,우리의 애완견들이 사람이라면? 한 평생 자신보다 주인을 더 사랑하는 개남들의 이야기#장르:일상드라..
홍연,'인간이 아닌 것'이 보이는 교연에게 어느날 붉은 눈의 요괴가 찾아온다.
림딩동,캠퍼스 농구라이프!
잭팟,로또 당첨금을 이용한 '합법적' 자금세탁. 과연 1000억의 주인공은?
뱀파이어클럽의 혈투,도시의 어둠을 위협하는 정체불명의 악당들에 맞서 싸우는 레지스탕스들의 이야기.
우리 집에 최애캐,"어느 날, 평소처럼 덕질하던 나에게 최애캐가 찾아왔다."
우리에게 내일은,핵으로 인류문명 대부분이 무너지고 많은 시간이 흐른 혼돈의 세계를 해쳐나가며 성장해가는 주인공들의..
빌린 몸,리메이크 했습니다.
울트라바이올렛,공대생 vs 뱀파이어
하필 너야,예뻐지고 싶은 소녀 주! 멋진 남자와 썸타는 꿈꾸던 생활을 하던 어느날 황당한 사고가 연속으로 터..
라스 오브 이블,"세계 2차 대전, 독일은 '라스'라는 약물을 발견한다."
귀신을 믿으세요,귀신 보는 옆집남자에게 반한 연애 쑥맥 대학생 한담채의 좌충우돌 로맨스
나의 귀인이여,"16년 전 반란을 일으켜 왕위를 찬탈할 자의 죽음, 그리고 환생. 그런데... 남자가 아닌 여고생.."
이런내가 엄마라니,그림책을 그리듯 평범한 일상을 그려나가요. 우리의 그저그런일상이 반짝반짝 빛날 수 있도록!
맥이 뛴다,"'맥주'라는 공통분모로 만난 세 청춘의 열정과 사랑, 그리고 다양성에 관한 이야.."
백수세끼,7년간 사귄 '수정'과 이별한 '재호'. 가슴아픈 시련 뒤에도..
달을 그리는 숲,달의 항아의 재림인 유비와 암궁의 유폐된 폐세자 사하의 이야기.
사랑이올까요,프로야구 선수생활을 하다 방출당한 주인공은 옆집에 이사온 여경과 운명적인 만남을 가지게 되는데....
즐거운생활,재주의 사회생활.
나만 아는 사랑,사랑을 고백하지 못하는 이들의 짝사랑 로맨스
소금물 방,한번쯤 꿈꿔본 공간
하울링,주중에 받은 스트레스해소를 위해 밴드를 하지만 멤버 각자의 성격과 생각 차이로 인해 벌어지는 이야..
병,중학생에서 군인이 된 문석호의 이야기
B텐더,술과 사람의 이야기
세이의 RPG,대학생이던 세이가 판타지 게임 속으로 들어가게 된 이야기
힘내라 봉산댁,촌에도 청춘은 있다!
요나의 법칙,너 말고 네 언니! 엄친딸 '동생' 양요나는 행복해질 수 있을까...?!
오마이갓,신을 뽑는 오디션 'Show me the grace'! 인간 허윤과 신후보생 앙..
요괴백정,도깨비의 팔을 달고 요괴들을 사냥하는 이야기
밀지,과연 경종은 이복동생인 영조에게 독살당하였는가? 그 수수께끼를 안고 한 여인이 사라졌다...이복..
보통의 경계,내가 이상한 건가? 그런 생각의 경계들
살랑살랑,전진하기 위해 멈춰 서기로 한 모레
도로시,부패한 교회의 악마를 물리치는 마도사 이야기
강호열전,강호무림을 살아가는 여러인간들의 전기(자유연재)
블래커,"범죄예측시스템의 도입, 범죄예방고등학교의 설립, 경찰이 되고싶은 소년 토 업데이트"
왕자님을 찾아라,왕자님을 찾기위해 지구로 떠난 마왕과 용사의 이야기.
미용사,"전직용사, 현직 미용사의 이야기!"
짠이쨍아,새침녀 육세 쨍아와 열혈 남아 사세 짠이.아재 개그 달인 아빠와 평범한 엄마의 엉뚱 발랄 가족 이..
판타지를 기대하지마,남자친구와 2년 째 동거생활 중인 사아랑의 집에 수상한 남자가 나타나면서 수상한 일들이 벌어진다!
매일매일,본인들만 모르는 일상 로맨스
소설小雪,데이트 폭력 피해자에서 주체성을 찾아가는 루의 성장기
은규랑 누나랑,홍애리 누나와 연하남 김은규의 꽁냥꽁냥 힐링 러브스토리♥♥♥ (자유연재)
나는 도깨비다,내..내가 도깨비라니!!
귀요미,외모가 귀여우면 성격까지 귀여울 거란 생각은 금물! 사람 성격은 다 제각각이라고요!
컬러풀 아이덴티티,패션 디자이너를 꿈꾸며 입학한 패션 전문 고등학교. 꿈을 향한 열정과 청소년들의 우정을 그린 성장..
크리그,매주 토요일 12:00(AM)~12:30(AM) 사이에 업로드됩니다. 많은 응원과 관심 부탁드립니..
선녀라 말 못 해,선녀 초미가 짝사랑하던 인간 강수를 지키기 위해 지상으로 내려오면서 일어나는 판타지 로맨틱 코미디..
후덜덜덜 남극전자,남극전자 생활가전사업부 히터 3팀에서 일어나는 평범하고(?) 일상적인(?) 이야기들
별을지나,인기 아이돌 지안과 아주 특별한 가족의 아이돌 탈출 프로젝트!
몬스터즈필드,괴물이라고 불린 소녀들의 미식축구!
살인스타그램,SNS연쇄살인
그녀의 버킷리스트,죽기위해 이뤄가는 버킷리스트.
풋내기들,풋내기들
도시소녀 귀농기,본격 귀농 시동거는 만화
가시박힌아이,친구라는 이름의 또다른 이야기..
진주전,"어느 날, 주인공 진주의 앞에 나타난 도깨비. 진주의 숨어있는 기억을 되짚어가는 도깨비 판타지"
문카니발,달이뜨는 밤 소녀의 비밀스러운 축제가 시작된다.
OH BABY 오 베이비,난임 부부의 고군분투 부모 되기 프로젝트
마녀가 잠든 사이에,"평범하던 소녀 제리, 하지만 숲에 살던 여자아이를 만나면서 그 삶은 흔들리기 시작한다."
달콩달콩 일상,"바카와 호두의 달콩달콩 연애이야기, 평범한듯 평범하지 않은 둘의 일상."
다람G,"나는 생각한다, 고로 다람G!! 고차원적 생물로 거듭나기 위한 그들의 고군분투가 시작된다!"
신의 존재,신의 존재와 인간 내면의 힘에 대하여. 신을 믿지 않는 사제 체르니와 기계공학부 천재가 이어나가는..
피의 일족,미래. 인간과 혈족의 싸움
뜨게부부,"평범한 한 커플이 들려주는 아주 평범한 동거 이야기 (매주 목, 일)"
의지박약 다이어트,의지가 부족하여 매번 다이어트에 실패했던 성윤의 다이어트 도전기! 좌충우돌 의지박약 다이어트 지금..
쩜오라이프,1.5평 고시원에서 행복찾기
남자들이 나를 좋아해,"당신 인생의 모든 인연들을 한 시기에 한꺼번에 만난다면 , 당신은 누구를 선택하실 건가요?"
평범소년,"모두가 능력을 가진 특별한 세상에서 유일한 무능력자, 유일한 남자인 김소년의 이야기"
마야,어느 날 마야가 사라졌다. 그녀의 행방을 둘러싼 거대한 사건들과 음모를 파고들 수록 미궁에 빠져드..
호일펌 행성의 전설,할 줄 아는 것은 눈속임밖에 없는 매직스트레이트교의 두 주인공 이상한 세상에서 진정한 자유를 찾아..
절교여행,극단적으로 다른 다비와 주희의 동유럽 여행기
기생,이 사회에 기생하는 사람의 이야기. <미생>아님. <기생>
성형술사,사람의 신체를 찰흙처럼 반죽할 수 있는 특별한 능력을 가진 사람의 특별한 이야기.
사물놀이 부서진 악기,“왜 우리나라 악기가 구슬픈 소리를 내는 지 아니?” 한국형 판타지 스릴러.
용사님을 사랑한 힐러님,마왕에게 납치된 공주님을 구하러 가는 용사님! 하지만 힐러 헬렌은 용사를 보자마자 첫눈에 반해버리..
배틀 스톤,어느날 운석이 떨어지면서 깨어나는 미지의 존재들. 만년 전부터 전해져 내려오는 예언은 현실로 이어..
친애하는 나의 A,늘 혼자였던 지수에게 찾아온 A라는 세상. 누구나 누군가가 필요하다.
검은인간,상상으로만 여겼던 검은인간. 점점 그 실체가 드러난다.
병 속의 소원,과거의 행동으로 인해 저주 받은 지유는 저주를 풀기 위해 사람들의 소원을 들어준다.
데일리 보이즈,내일이 없는 듯 살아가던 악동들에게 주어지는 일일 퀘스트
사소한 일로 계약,사소한 일로 목숨 거는 주인공 결국 그 일로 천사와 악마랑 계약한다.
죽는날까지,나는 100일 후 죽는다.(약 10일주기 업데이트됩니다.)
Red ZONE,와인딩이 합법화된 대한민국 그 도로 위를 달리는 소녀들
챠오 미오 치쵸,안녕 나의 치쵸
호가비,소녀와 호가비
17세 레시피,혼자가 익숙한 고1 유채. 우연히 반장의 비밀을 알게 되고 일상은 무너지기 시작한다.
아틀레냐,"환상과 현실의 섬, 아틀레냐의 이야기."
댄싱 위드 스트레스,"과잉 스트레스 증후군에 걸린 사람들과, 그들을 구하기 위한 DS 팀, 그리고 여고생 이하경의 이야.."
코마 고스트,정규직 전환이 시급한 '계약직 저승사자'와 귀신 트라우마가 있는 여자의 사랑이야..
지옥의 주인,귀신의 싸움. 그리고 저승에는 없는 저승왕의 이야기.
우리 지구를 떠나자,무개념 재벌 2세 외계인의 지구미남 납치작전
슬프게도 이게 내 인생,저의 구질구질한 인생에 오신 것을 환영합니다... (매주 월요일 업로드 예정)
당신을 찾으러,"납치되어버린 남자친구, 여자친구가 몰랐던 남자친구의 숨겨진모습."
아무것도 모르지만,"스물하고 여섯, 우리는 아무것도 모르지만."
겨울과 봄사이,색청을 앓고있는 하연에게 나타난 전혀 다른 두 사람.
야수와줄리엣,비련의 여주인공 줄리엣 그리고 저주에 걸린 야수의 사랑이야기.(매주토요일연재)
with me,나와 함께 도시락을 먹어줄 사람은?
애없이산다,아이없이 살기로한 부부의 일상웹툰
어둠이 내게 오면,어둑서니 요괴의 집에 고용살이를 하면서 겪는 기이한 일들
은근 짜릿해,일상에서 느끼는 은근히 짜릿한 순간
은총의 경계,인류의 영역에 가호의 빛을 내리는 신의 태양 엘(EL). 숨겨진 세계의 진실을 알고 싶어하는 소년
친절한 뭉게씨,자기만의 방식으로 도움을 주는 착하면서 엉뚱한 구름 뭉게이야기. '어른이 동화'..
연고남,"연애 고자인 우태와 친구들, 연애 고자에서 탈출하기 위해 친구들은 작전을 세우기 시작한다..(일요.."
박하 이야기,눈이 보이지 않는 소년과 목소리 콤플렉스를 가진 소녀의 이야기
게이트,게이트
유일무이 랭킹원,"뜨겁게 불타올라라, 소녀여! <랭킹 시스템>을 박살 내기 위해 세상과 맞싸우는 소녀의 .."
뱀파이어 수난시대,뱀파이어 블라드와 그를 노리는 자들의 좌충우돌 일상코미디
연애 못하는 여자,각기 다른 이유로 연애를 못하는 세 여자들의 이야기와 성장을 다룬 캠퍼스 로맨스!
신들을 부탁해,천 년의 덕을 이번 생에 다 모으라고?!
WINGS,하늘이 사라진 세상 속에서 인간과 하피가 대립하는 판타지 스릴러
오늘 할래,VR게임이 널리 보급된 가까운 미래. 프로게이머라는 직업을 향해 동료를 모으고 함께 성장하는 이야..
나와 너의 세계,완결입니다.
이차원의 테라리움,자신의 세계를 위해 법사들은 이계인을 소환한다
가온의 세계,히키코모리 가온과 그녀와 친해지려는 빌라 사람들에 대한 이야기 입니다.
미래의 너에게,미래를 보는 소녀의 로맨스 이야기
불꽃이 남긴 재,"인간의 탐욕이 부른 비극, 모든 것을 잃은 한 남자의 복수가 시작 된다."
봉순이 일기,"봉순과 훈 그리고 고양이 옥이,순이의 삶에 틸다가 나타났다. (매주 목요일 업뎃뚜)"
홍할홍할,"홍콩할매귀신, 빨간마스크, 망태기할아범 등.. 잊혀진 괴담들의 괴담 살리기 프로젝트 격주 금요일에.."
술래잡기,죽은 여자들의 신체 일부를 보내오는 스토커의 정체를 파헤치는 이야기
야구하는 여자들,"야구 1도 모르는 그녀와, 그곳에서 만난 사람들과의 좌충우돌 야구이야기"
어느 직장인의 고민,전체적인 사회의 지표로 봤을 때 평타이상의 주인공. 그러나 그의 내면은 불안으로 가득한데...
너의세상,그녀가 가진 두려움과 비밀은 무엇일까
그악나천,전형적인 순정만화입니다.
EARTHEN,2017作 EARTHEN ;빚은
달에 사는 사람들,무섭고 찝찝할 이야기
기억속의 꽃,어느 날 내가 죽었습니다? (월요일 연재)
달리는 여자,복학생 달리의 대학 로맨스?! instagram /@daaaaali66
너도 날 좋아해줬으면,결혼식을 앞둔 주인공 가화만의 일생에 담긴 지난사랑의 잔향
플랫다이어리,즐거웠던(#) 일상만 기록해야 하나? 가끔 우리를 진지하게(♭) 만들었던 순간들의 기록!
이매무당전,강한 힘을 가진 무당 지휘와 정체 모를 도깨비 우가 만들어가는 힐링 드라마.
슈퍼캣,10년 전 인류앞에 등장한 거대고양이!! 거대고양이를 길들이기 위한 테이밍이 시작된다!
ISAAC,인류의 유일한 희망 현대판 히어로 ‘ISAAC’은 사실 17살 약골 소년? 본격 SF 판타지!
그날의 에덴,새로운 행성을 찾아 떠나는 인류의 여정. #우주 #SF #메카닉
새는 시간을 난다,사람들이 보이지 않게 된 남자 박오혁과 어릴 때 부터 환상을 보는 남자 한성신의 이야기.
인 더 섀도우,인 더 섀도우 / 평범했던 대학생 제리의 전혀 평범하지 않게 달라져버린 일상. 그림자 액션 판타지..
물건사람친구,그냥사람친구가 아닌 <물건사람친구>가 생겼다. 평범한듯 안 평범한 판타지 코미디 로맨스..
피포,마력을 몽땅 흡수당해 죽음을 앞둔 마력헌터 테아. 그 앞에 인생 최대 웬수 아기 피포가 나타났다
일기장,2부) 주혁이의 짝사랑 이야기
어쩌다 좀비,좀비 잭의 이야기
컬러풀,사람의 감정이 눈에 보이는 능력을 가진 주인공과 그 주변에서 펼쳐지는 이야기들
체스와 잭,인조인간과 사이보그를 당연시 여기는 시대. 주인공 체스의 성장담.
그날의 끓는점,무한 개인주의 '화늘'의 화 많은 이야기
페이퍼,하찮은 초능력으로 거대조직과 상대하여 세상을 구하는 판타지
상냥한 녀석들,캠퍼스 공대생들의 우정과 사랑에 관한 소소한 일상기
보급형 콤플렉스,"보급형 내인생, 해는 뜰까? 해질 일만 남은 것 같던 그녀의 인생에 한줄기 빛이 드리우다!"
신라의 달밤,솔직하고 당찬 신라 소녀 김만월!
회장님,회장님의 첫사랑
너인 듯 네가 아닌,SF 순정만화
러블리러브,"사랑에 빠진 것을 아무에게도 말하지 않는, 청춘막장극"
우리 남매의 일상은,남매들의 화려한 일상.
단편들,그리고 싶은 이야기를 그리고 있습니다.
신화의 나라,"천상, 지상, 지하 세 개의 차원에서 벌어지는 모험"
계약우정,"삼포세대 비긴즈, 매주 화요일 연재"
환생게임,이 세상에서 살아남기 위한 목숨을건 치열한 액션 만화
변변찮은 일기,반백수의 소소한 일상 이야기입니다. ^^;
왕이로소이다,인턴도 사랑도 성공적으로! 팀장님과 연애하게 된 다람의 '약간' 꼬인 연애이야기..
무당아이,귀신잡는 무당아이
연애를 못하는 남자,"어릴적 상처로 인해 연애를 한번도 못해본 '승우' 과연, 연애를 할 수 있을까?"
리버스,윤회를 거듭하는 대제왕 벨제브와 인간친구에 관한 이야기.
동물 마누라,내 아내는 동물입니다.
철없는 수의대생의 일상,노는 게 제일 좋아. 이렇게 놀기만 하다가 수의사가 될 수 있을까.. 아직 철 안든 대학생의 일상..
우리들의 행복한 시간,우리 주변에서 일어날 수 있는 일상 이야기!
스퍼트,실력에 비해 과대포장된 스포츠스타 '공하은'의 국가대표 도전기.
진정친구,진짜 정으로 만나는 친구새기들
브레이크어웨이,본격 로드사이클 만화!
우주인 미밍일기,힐링이 필요한가요? 귀여운 것도 좋아한다고요? 우주여행은 어때요? 미밍이와 소로의 엉뚱발랄 지구여..
이리,"태초의 신마전쟁 이후 마고가 만들어낸 세상 그곳에서 만난 매구와 천녀, 어리석은 죄업의 반복과 .."
노미를 잡아라,수상한 소녀 노미를 둘러싼 음모들. 친구들은 노미를 지킬 수 있을까?
무한의 팔라무트,아홉세계를 지배하는 왕들과 신하들의 이야기
투사,10여년 만에 조국으로 돌아오니 나라가 망한 상태이다. 이럴때 주인공이 해야 할 일은? (화요일..
피터패트,상큼발랄 스쿨라이프! 글/그림-아르몽 자유연재입니다
우린 NPC다,NPC들의 개그액션판타지
루벤스와푸생,"자격지심 가득한 큐레이터 용우, 맑고 솔직한 작가 현화의 인연 혹은 악연에 관한 이야기."
부고訃告,죽음 이후 밝혀지는 이야기들
뜨뜨미지근한,샘이 살아가는 따뜻하고 차가운 이야기들~
나비리본,"자신의 죽음을 모르는 사망 예정자들과, 이들의 인도를 맡은 초보 저승사자 나비가 펼치는 드라마."
이미남씨 관찰기,평범한 아내의 수상한 남편 관찰기.
꿀렁한 하루,오줌의 마법사 영식군과 가정부 도롯씌의 꿀렁한 하루하루!
괴괴괴괴괴,괴기한 이야기로 여러분을 초대합니다.(격주 화요일 밤 업뎃
팩션,FACT + FICTION
수상한 가족협정,비밀을 간직하고 있는 독신남 켄에게 찾아온 수상한 두 아이. 작은 마을을 둘러싸고 벌어지는 비밀 ..
포 더 프린세스,테마파크에서 벌어지는 동화같은 로맨스.
다이아몬드 갓 수,가상의 것을 현실로 전송시키는 싱크로 인간!들의 판타지
오늘 뭐 해먹지,30대 실직남 구직해군의 음식과 인생 이야기.
온도의차이,티격태격 거리는 원도와 이온이의 온도차이!
컴온 요 동물원,"사고뭉치 동물들, 사원들과 함께하는 비밀스러운 동물원의 일상"
옥상난간에 엄지발가락,게으른 청춘이야기입니다:)
미션,인류와 인공지능의 대치로 인한 파괴된 지구에서 인공지능을 가진 기계인간의 인류를 위한 임무 하나.
지오코소 가난뱅이,자칭 초천재 피아노과 배서진과 피아노는 못치지만 금수저 작곡과 진혜원의 음악 성장이야기.
청춘기자,"한 지붕밑의 엉뚱한 손녀와 깐깐한 할머니 그리고 수많은 청춘들의 기록, K대 영어신문사."
문득생각,문득 드는 생각들을 담은 소소한 만화입니다
힘을내요 노모파워,초딩아들을 둔 늙은엄마의 일상
같이,여자 셋이 모여사는 좌충우돌 귀여운 공감 일상툰!!
송곳니 가족,"주인 없는 땅(집)을 얻기 위해서는 노예가 되거나 도둑이 되는 길뿐이어서, 우리는 도둑이 되기로 .."
복수의 맛,분노와 절망으로 가득 찬 시대. 당신은 복수를 꿈꾼 적이 있나요?
베이비 인 더 헬,극히 평범한 지옥에서 평범하게(?) 살고 있던 두 악마의 지옥같은 인간 육아가 시작된다!
한라지강,한반도 대표4국의 이름을 가진 무투가문들의 숨은세계. 소녀는 평범한 학교생활을 꿈꾼다.
인싸생활,9컷으로 이야기하는 평범한 신들의 이야기.
오늘 뭐했어,생활밀착 주절주절 에피소드. [매주 금요일 업데이트합니다.]
서른되면 뭐 달라질 줄 아냐,10대의 감성으로 다시 되 돌아간 30대의 평범한?저퀄리티 일상 툰
안녕 외교국,어느 날 지구로 찾아온 외계인들. 그리고 평범한 악플러 여사원 소리씨에게 닥친 모험들
반짝반짝 왕자님,자체발광하는 꽃미남 남학생을 중심으로 일어나는 골 때리는 고교생활.
옥탑빵,한적한 동네 미용실 2층 옥탑방에 빵집을 차린 지영. 지영과 주변인물의 일상 이야기
컴벳 필드,컴벳 필드에서 상대방의 잼을 뺏기 위한 헌터들의 생존을 건 서바이벌 게임
상상클럽,평소에 꿈꾸던 상상 이야기를 여러분과 공유합니다! 여러분들의 상상도 들려주세요 :)
천생연분,초강력 먼치킨 선녀님과 사실은 안평범함(?) 남고생의 유쾌파워액션 러브코미디
아기와 개,아기와 개가 함께 자라가는 고군분투 성장 에피소드.
MOVE,과연 전해지는 건 물건 뿐일까요? 누구보다 빠르게 움직이는 퀵 서비스의 이야기.
난 세계인으로 살거야,세계인으로 살고 싶은 부부의 일상 및 여행이야기에요 ㅎ (토요일연재)
모자 MOJA,2컷만화 입니다.
오픈 유어 아이즈,흑마법사에게 쫒기는 네크로맨서와 우연히 그의 소환수가 된 여고생의 이야기.
어른의 플레이타임,해본 적도 없는 추억의 딱지와 구슬치기가 아닌 진짜 90년대에 가지고 놀았던 장난감들 이야기
밤 열한시면 곰이 온다,(금 연재) 밤 열한시에 찾아가는 수면도우미 곰. 곰의 손님들이 털어놓는 이야기를 들어보세요.
내 아내는 AI,로봇을 아내로 둔 평범한 남자의 결혼이야기
후크,마법사와 마도 공학자들의 끝없는 대립과 전쟁 그 모든 걸 끝내기 위한 혁명이 시작된다.
엘프하프,엘프들의 이야기를 담은 소년물입니다. 자유연재로 연재됩니다.
볼트,SF 액션 판타지 / 목요일 연재!
소심 한 1 컷,뜨문뜨문 그리는 그림일기
헌댁이 되기전에,백수 부부와 길바닥 출신 고양이의 평범한(?) 일상툰
오늘은 오늘 같이,겜덕후 잉여의 일상툰
집사람,보통 집사람의 짧은 일상이야기
모던하우스,장가네 가족의 고군분투 생존기.
지울 수 있을까,지울 수 있을까?
바람이 부는 언덕,이름조차 전해지지 않는 소녀와 이름을 잃어버린 소년. 역사상 가장 찬란했던 시대를 살았던 그들의 ..
그와그녀의,인간이 되기위해 100일간 정체를 숨긴체 18살 고등학생으로 변신하여 진정한 사랑을 찾아야하는 구..
엘리자벳 데일리,트러블메이커 엘리자베스와의 아슬아슬한 하루하루. 모든 토끼가 내 맘 같을거라구요? 포기하면 편해요..
두번째 첫사랑,남자친구의 첫사랑이 되기위해 과거로 간 송이의 고군분투 로맨스
IDOL FAN,은둔형 외톨이인 성하는 KEZZ의 팬사인회에 가기 위해 집 밖으로 나오게 되는데..
김춘삼씨 반점,"찌질한 중년이 아내님을 꼬셔 손으로 뚝딱거려 만든, 난생 처음하는 짬뽕집 이야기입니다."
달빛속에 그대가,고립되 삶을 살아가던 알비노소녀. 그녀 앞에 한 남자가 나타나면서 그녀의 인생에 새로운 바람이 불..
불꽃에 휘날리다,"현직 소방관들의 실화를 바탕으로 펼쳐지는, 그와 그들의 신비하고 놀라운 이야기!"
나이먹어 공부하기,직장생활에 지친 케이씨의 중국어 도전기
미야용이,고양이로 둔갑한 사람 흰깜이가 사는 이야기
범타는 토끼,세명의 백수만화가 지망생이 모여 생활하며 벌어지는 좌충우돌 그들의 이야기.
잊지 말아요,‘나에게 주어진 또 다른 시간 그리고 소중한 사람과 함께 했던 잊지 못할 추억.’
바이올렛,동화같은 느낌을 주려고 터치선없이 만들어 본 웹툰입니다. 부족하지만 나름 열심히 만들었습니다. 즐..
발렌타인데이,"여자울리기로 유명한 남자 유정, 그런그에게 천벌이 내려졌다!!"
호박마차와 유리구두,사기꾼 오리앤의 마법학교 생활기
바람의 서 ㅡ파리둔 이야기ㅡ,"신라 공주와 몰락한 페르시아 왕자의 피를 물려받은 바람을 보는 소년, 그의 페르시아 탈환기."
호됴됴됴,믹스견 호야와 시녅의 개그스런 일상 / 매주 금요일 업데이트
그루버,본격! RPG 만화!! 가난한 백수 기태과 마족들과의 대결과 모험!!
헤이 노르딕,"스물아홉, 북유럽 여행기!"
여초직장보고서,여초직장에 들어간 남직원 이야기
바른생활,바른이의 일상 에피소드툰
젊은 엄마,4살 딸과 함께 성장하는 젊은 엄마의 일상
틀림보단 다름,우리는 틀린 것이 아닌 다른 거야! 서로 다른 남녀들이 펼치는 이야기
어쩌다 마주친,정체를 알수 없는 소녀와 조금은 어리버리한 아재의 일상기.
혼자사는여자,혼자사는 여자의 일상
멘탈레인저 글래스맨,나약한 멘탈로는 살아갈 수 없는 시대! 멘탈 강한 히어로들이 악에 맞서 싸운다! 멘탈레인저!
연두툰,그 때가 그리우신 가요? 2000년대 초반 초등학생 연두의 공감되는 일상
소원 일기장,버스킹 하는 모습이 멋져 천지와 사귀게 된 소원. 하지만 천지는 소원에게 끝없는 데이트 폭력을 ..
은리,....
나들인생,매일매일 나들이 하는 기분으로 행복을 찾는 나의 일상 이야기
화귀,"""사람들이 사라진다"""
그녀 vs 저녁식사,"저녁식사 준비를 하던 중 작아지게 된 주인공, 그녀는 덮쳐오는 식재료에 맞서 요리를 성공할 수 있.."
범인에 대하여,한때 특별했던 커플이 헤어지는 흔한 이야기
매일매일 어메이징,"육아, 매일 매일 어메이징"
갑자기판타지,낡은도서관의 자칭 책의 정령이라는 수상한 아저씨에 의해 책속의 판타지 세상에 들어가게 되었다
꿈길,인간의 가시성을 벗어난 세계에 사는 사람들
추억하마,어린시절 추억을 잘 간직하고 계신가요?
스타더스트,강민우!! 우주구조대 '스타더스트'에서 2년을 버텨라!!
눈꽃,"나의 반려묘 ""가루""가 사람이라니.."
뷰티풀 싱글 라이프,"자취남 일상툰,이 남자가 만족하고 사는 법"
무쇠 후라이팬,무쇠팬으로 요리하는 남자 고공원
반지하셋방,자매의 다사다난한 자취생활툰
사쟈툰,사자솜이 하고 싶은 이야기를 그립니다. 자유연재
꿈이 이루어 지다,스토커가 좋아하는 사람의 꿈속에 들어가게 된다면? 꿈속에서 일어나는 판타지 스릴러 꿈이 이루어 지..
나사들의 이야기,"씁쓸하기도 하고, 좀 서운하기도 하고, 웃기기도 하고, 때론 상상을 뛰어넘는 우리들의 이야기"
헬로 브리,어느 날 이루어진 이상한 만남. 하지만 별 일 없이 굴러가는 단순한 사람들.
오후 한시,추운 겨울 가장 따뜻한 오후 1시 처럼 따뜻하고 순수한 오후의 이야기
머니메이커,돈으로 세상을 심판하다.
빵순씨의 시간들 툰,직장인 빵순 씨의 일상 그리고 깨알 같은 전문지식!(자유연재)
뷰티풀루나,환타지 세계에서 펼쳐지는 색다른 에스테틱+코스메틱 웹툰
식물생활,"반려 식물을 기르는 사람들을 찾아, 그들을 인터뷰하고 그리는 일상물. 기억과 기록을 거친, 초록 .."
천사에게는 날개가 없다,"인간을 싫어하는 천사 이솝과 영혼이 없는 소녀 미소, 그리고 그 주위에서 일어나는 일들"
성전환 한 내가 그를 유혹,수상한 빛에 쬐이고 남자로 변해버린 주인공!! 하필이면 좋아하던 아이에게 고백받은날 이런일이?!
꿀밤,홍대 먹자골목 알바 이야기.
기억들,"기억을 읽는 남자와 기억을 숨기는 여자, 그리고 죽은 이들의 기억에 관한 이야기."
달콤한 비밀 연애,사내 연애를 하면서 생기는 소소한 일상을 다룬 만화입니다.
딩가딩 어드벤쳐,어느날 다른 세계에서 눈을 뜬 소녀와 소년의 모험 이야기.
메리의 미쿡 정복기,얼렁뚱땅 미국으로 이민오게된 메리! 오마이갓! 천지에 미국인이 널려있다!
마루누리,고구려 왕자의 성장기
천사같은 악마군,악마지만 천사같은 성격을 가진 김악마의 천국대학 생활기
편집자,비밀스러운 어떤 남자의 이야기입니다.
같이 산다,"객지생활을 정리하고 부모님 댁으로 이사를 온 딸, 그 집엔 부모님과 딸과 조카들, 이렇게 3대가.."
동아리방 202호,대학교에 입학한 신입생 배호진과 그림동아리선배들의 대학생활 이야기
수생,물속에서 다시태어나 무시무시한 괴물들과 맞서다.
싱글리틀파파 다이어리,대학생 도현아빠의 리얼리티 육아일기
위 아 애니멀스,각양각색 다양한 동물들이 의인화되어 펼쳐지는 옴니버스 동물 드라마
진귀한 꽃 이상한 풀 기이한 돌,"토정 이지함에 대한 학문과 사상, 관직생활과 업적, 전설과 일화 등의 이야기입니다"
인 더 섀도우,그림자를 통해 또 다른 세계로 이동하게 된 제리. 세계를 위협하는 언도우와의 대립. 액션 초능력 ..
하나님은 여고생,지극히 평범한 여고생의 무사히 졸업하기
겨울모기,연인과 헤어지고 미련을 버리지못 하고 미래에서 타임머신을 타고 온 뱀파이어의 이야기
청춘의 모퉁이 시즌2,"서툰 어른, 30대. 청춘의 모퉁이에 서 있는 그들의 이야기 (월,목 연재)"
BL 10년째 연애중,"고3때 친구녀석이 연인이 되고, 10년간 연애하며 격는 달콤 씁쓸한 사랑이야기"
초자연,손이 철로 변하는 능력을 가진 소년이 다국적 기업에 입사하면서 일어나는 모험 액션.
해와달,게임처럼 즐길 수 있는 만화였으면 좋겠습니다.
인간말종,일상을 살아가는 평범한? 두 남자 이야기.
당신의 취향,...
루틴,여전히 방황하는 삼십대 들의 오늘 하루를 마주하는 법. 가벼운 인생 순정만화.
교실공략기,초등교사 오토리의 학교생활 이야기
잃어버린 시간을 드립니다,집으로 돌아가던 중 이상한 곳에 갇히게 된 남준... 과연 다시 돌아갈 수 있을까...?
다리 없는 친구들,민지와 다리 없는 친구들이 들려주는 기묘한 이야기
버터와 소,사는 이야기 입니다.
아빠 내일은 뭐하고 놀까,특별한 아빠와의 특별한 이야기
끝난게 아니다,청춘=야구&사랑 Today is the Day!
대기만성 백수,쓸데없이 고급인력 백수의 일상이야기
우주왕먼지,완벽하지 않은 가장 보통의 존재들을 위한 외계인들의 이야기.
음남미녀,음대생 남자와 미대생 여자의 인연과 사랑. 자유연재
아부다비 순정,한국 남자와 아랍 여자의 글로벌 로맨스
이웃집의스토커군,-훈남 스토커가 옆집에 산다 얼굴만 봤다하면 시비거는 옆반 남자애. 실은 2년이나 자신을 스토킹 ..
우리 부부는 개발개발해,결혼 1주년 기념으로 그려보는 꽃감과 라빠의 일상&결혼생활툰..!
연애싫어,연애를 싫어하는 여고생 하연실의 일상공감 개그연애툰! *자유연재*
근로 다람쥐,오늘도 성실한 근로 다람쥐
귀도령,"억울하게 반인반귀(半人半鬼 반은 인간, 반은 귀신)가 된 정체불명의 사내"
천상열차분야지도,세상의 근간이 되는 힘을 담았으나 파괴된 팔찌 . 새로 옥황상제가 된 호유는 흩어진 별씨를 되찾아..
에이젼트 D,초미세 드론으로 소리없이 세계를 잠식해 가는 집단과 그들을 파괴하려는 에이젼트 D 이야기
딩가딩 서콩,"일상, 관찰, 개그, 드라마 웹툰!!"
이상한 나라의 근도,평범한 찌질남 근도에게 일어나는 유쾌발랄한 모험 이야기
개똥참외,개똥참외처럼 다소 천박하게 살아가는 인생을 표현하려고 개똥참외란 제목을 붙였슴
로머,부자들의 숨겨진 거대 도박경기장. 그 속에서 벌어지는 신개념 범죄 스릴러.
0점5ng,우리들도 몰랐던 미세하고 사소한 초능력세계
퀴퀴한일기,변태같고 즈질스러운 언니의 쿰쿰한 일상다반사
말랑하게 센티멘탈,"꿈꾸고 방황하는 청춘이란 이름의 아이들, 그 달콤쌉쌀한 이야기 (여행, 음악, 만남, 꿈 그리고 .."
사컷,死컷 - 일상 속 짧은 공포
공기 한가득,수제 그릇집 공기에 모이는 사람들의 이야기.
해피바이럭키,네잎클로버
낙타의 숲,"멀지 않은 미래, 인류는 비밀리에 인공저승을 만들어낸다"
디 드롭스,"머물고 싶은 곳, 드롭스 상처 입은 못된 영혼,크리스티는 조금은 무섭지만 너무나도 달콤한 이.."
무허가 발명 연구소,"21 세기엔 인정 받지 못했던 두 여자의 처절한 발명 이야기. 매주 월,목 연재됩니다."
도깨비 자리,오컬트에 빠진 여고생과 채집당한 도깨비의 파란만장스펙타클 이야기
별똥별이 떨어졌다,별똥별이 떨어지던 날 소원을 빌었다. 다음날 어떤 남자가 나타났다.
깨알공장공장장,키므네와 이선달의 깨알행복 넘치는 고소~한 신혼생활! 매일매일 깨공장 가동중! 매주 금요일 연재..
술은펫,집에서 술을 '양육'하던 가양주문화!! 자취방에서 술 키우는 한 여자의 이야기
할로 케빈,"10년을 넘게 알아오던 친구를 잃어버렸다. 그 친구가 나를 할퀴고 떠나갔을 때, 모든 믿음이 무.."
아수라발발타,평범한(?) 남자의 신내림 이야기
누구든 빌려드립니다,"사람을 빌릴 수 있다고? 친구, 연인, 가족... 각각의 사정을 안고 사람들은 사람을 빌리기 위해.."
도굴,일확천금의 꿈을 안은 범죄 이야기
사형제,4형제 이야기
사이어미즈,본격 어새신 느와르 스릴러 추리 액션 환타지~~ 헥헥~~
나는 공주다,거울을 너무나도 좋아하는 한 왕국의 공주 [에도나] 이 공주가 대한민국 서울로 떨어진다! 그것도..
식물남 생존보고서,"결혼을 기피하는 1인가구가 늘어나는 시대, 연애감을 잃어버린 이들의 삶과 우정, 사랑이야기"
언데드,액션 판타지 입니다.
어서오세요 상담실에,"어딘가 좀 별난 상담선생님과 고민 많은 청소년들의 본격 청소년고민해결프로젝트, 어서오세요, 상담실.."
달콤한 나의 독일,"(월.목 연재)독일에서 살면서 흔히 경험하게 되는 일들과 웃지 못할 경험들, 그리고 독일에서의 연.."
어메이징 결혼이야기,“내일은 결혼” 이란 이름으로 책 출간 되었습니다! 여러분의 덕분이에요~ ㅠㅠ
